Имя,Фамилия,Возраст,Город,Компания,Зарплата,Дата приема,Проект,Комментарий,Должность,Телефон,Email,Отдел,Навыки,Уровень,Статус,Клиент,Контракт,Срок,Рейтинг,Оценка,Категория,Продукт,Регион,Страна,Сектор,Партнёр,Тип договора,Руководитель,Бонус
Алексей,Попов,42,Екатеринбург,РЖД,104140,2010-01-01,Проект-0,Комментарий 0,Должность 0,962,990,872,Навыки 0,Уровень 0,Статус 0,137,Контракт 0,410,588,Оценка 0,Категория 0,976,363,Страна 0,974,250,Тип договора 0,Руководитель 0,248
Татьяна,Попов,32,Санкт-Петербург,Ростелеком,135770,2010-01-02,Проект-1,Комментарий 1,Должность 1,431,828,478,Навыки 1,Уровень 1,Статус 1,947,Контракт 1,317,110,Оценка 1,Категория 1,582,661,Страна 1,49,400,Тип договора 1,Руководитель 1,315
Татьяна,Морозов,28,Нижний Новгород,Яндекс,133381,2010-01-03,Проект-2,Комментарий 2,Должность 2,361,113,7,Навыки 2,Уровень 2,Статус 2,941,Контракт 2,186,703,Оценка 2,Категория 2,86,506,Страна 2,62,774,Тип договора 2,Руководитель 2,90
Татьяна,Новиков,29,Москва,Лукойл,105734,2010-01-04,Проект-3,Комментарий 3,Должность 3,255,417,948,Навыки 3,Уровень 3,Статус 3,303,Контракт 3,542,436,Оценка 3,Категория 3,587,902,Страна 3,64,956,Тип договора 3,Руководитель 3,69
Светлана,Петров,28,Москва,Ростелеком,46603,2010-01-05,Проект-4,Комментарий 4,Должность 4,675,568,869,Навыки 4,Уровень 4,Статус 4,250,Контракт 4,294,877,Оценка 4,Категория 4,582,950,Страна 4,122,282,Тип договора 4,Руководитель 4,413
Ольга,Иванов,40,Санкт-Петербург,Сбербанк,174338,2010-01-06,Проект-5,Комментарий 5,Должность 5,697,756,600,Навыки 5,Уровень 5,Статус 5,707,Контракт 5,244,997,Оценка 5,Категория 5,423,108,Страна 5,664,271,Тип договора 5,Руководитель 5,284
Дмитрий,Соколов,29,Нижний Новгород,Газпром,135156,2010-01-07,Проект-6,Комментарий 6,Должность 6,724,373,61,Навыки 6,Уровень 6,Статус 6,559,Контракт 6,751,655,Оценка 6,Категория 6,93,798,Страна 6,70,694,Тип договора 6,Руководитель 6,428
Кирилл,Новиков,56,Москва,Сбербанк,68283,2010-01-08,Проект-7,Комментарий 7,Должность 7,836,747,5,Навыки 7,Уровень 7,Статус 7,788,Контракт 7,111,90,Оценка 7,Категория 7,749,942,Страна 7,142,877,Тип договора 7,Руководитель 7,425
Кирилл,Сидоров,53,Екатеринбург,МТС,80999,2010-01-09,Проект-8,Комментарий 8,Должность 8,880,69,832,Навыки 8,Уровень 8,Статус 8,316,Контракт 8,359,61,Оценка 8,Категория 8,736,983,Страна 8,826,125,Тип договора 8,Руководитель 8,893
Кирилл,Морозов,22,Новосибирск,Ростелеком,54461,2010-01-10,Проект-9,Комментарий 9,Должность 9,469,770,268,Навыки 9,Уровень 9,Статус 9,586,Контракт 9,561,140,Оценка 9,Категория 9,985,277,Страна 9,68,169,Тип договора 9,Руководитель 9,273
Алексей,Попов,29,Москва,МТС,74303,2010-01-11,Проект-10,Комментарий 10,Должность 10,891,266,992,Навыки 10,Уровень 10,Статус 10,423,Контракт 10,253,836,Оценка 10,Категория 10,997,332,Страна 10,731,928,Тип договора 10,Руководитель 10,500
Татьяна,Петров,39,Нижний Новгород,Лукойл,83405,2010-01-12,Проект-11,Комментарий 11,Должность 11,754,281,946,Навыки 11,Уровень 11,Статус 11,239,Контракт 11,808,245,Оценка 11,Категория 11,369,984,Страна 11,557,3,Тип договора 11,Руководитель 11,167
Дмитрий,Иванов,43,Москва,РЖД,57522,2010-01-13,Проект-12,Комментарий 12,Должность 12,491,374,702,Навыки 12,Уровень 12,Статус 12,885,Контракт 12,775,292,Оценка 12,Категория 12,969,346,Страна 12,238,36,Тип договора 12,Руководитель 12,76
Кирилл,Козлов,46,Новосибирск,Лукойл,64910,2010-01-14,Проект-13,Комментарий 13,Должность 13,798,109,669,Навыки 13,Уровень 13,Статус 13,878,Контракт 13,797,773,Оценка 13,Категория 13,464,426,Страна 13,497,791,Тип договора 13,Руководитель 13,960
Иван,Иванов,20,Нижний Новгород,Газпром,105189,2010-01-15,Проект-14,Комментарий 14,Должность 14,150,178,261,Навыки 14,Уровень 14,Статус 14,231,Контракт 14,577,233,Оценка 14,Категория 14,277,801,Страна 14,243,902,Тип договора 14,Руководитель 14,916
Кирилл,Лебедев,51,Казань,МТС,138304,2010-01-16,Проект-15,Комментарий 15,Должность 15,724,23,299,Навыки 15,Уровень 15,Статус 15,139,Контракт 15,33,27,Оценка 15,Категория 15,482,946,Страна 15,224,149,Тип договора 15,Руководитель 15,588
Екатерина,Лебедев,29,Нижний Новгород,МТС,127053,2010-01-17,Проект-16,Комментарий 16,Должность 16,728,837,52,Навыки 16,Уровень 16,Статус 16,431,Контракт 16,455,653,Оценка 16,Категория 16,504,997,Страна 16,900,315,Тип договора 16,Руководитель 16,43
Екатерина,Петров,54,Санкт-Петербург,Яндекс,64813,2010-01-18,Проект-17,Комментарий 17,Должность 17,46,272,959,Навыки 17,Уровень 17,Статус 17,80,Контракт 17,961,550,Оценка 17,Категория 17,50,781,Страна 17,728,962,Тип договора 17,Руководитель 17,884
Николай,Козлов,28,Москва,РЖД,61741,2010-01-19,Проект-18,Комментарий 18,Должность 18,701,316,962,Навыки 18,Уровень 18,Статус 18,263,Контракт 18,536,633,Оценка 18,Категория 18,979,986,Страна 18,766,72,Тип договора 18,Руководитель 18,50
Кирилл,Соколов,20,Екатеринбург,Яндекс,136811,2010-01-20,Проект-19,Комментарий 19,Должность 19,611,55,94,Навыки 19,Уровень 19,Статус 19,657,Контракт 19,4,788,Оценка 19,Категория 19,912,289,Страна 19,451,631,Тип договора 19,Руководитель 19,428
Ольга,Новиков,28,Казань,Сбербанк,154137,2010-01-21,Проект-20,Комментарий 20,Должность 20,582,686,813,Навыки 20,Уровень 20,Статус 20,813,Контракт 20,986,315,Оценка 20,Категория 20,870,341,Страна 20,513,446,Тип договора 20,Руководитель 20,83
Иван,Петров,48,Санкт-Петербург,Сбербанк,54343,2010-01-22,Проект-21,Комментарий 21,Должность 21,687,951,50,Навыки 21,Уровень 21,Статус 21,322,Контракт 21,182,426,Оценка 21,Категория 21,56,820,Страна 21,768,996,Тип договора 21,Руководитель 21,792
Иван,Морозов,42,Нижний Новгород,Лукойл,159930,2010-01-23,Проект-22,Комментарий 22,Должность 22,83,853,916,Навыки 22,Уровень 22,Статус 22,105,Контракт 22,210,570,Оценка 22,Категория 22,428,737,Страна 22,226,358,Тип договора 22,Руководитель 22,341
Дмитрий,Петров,22,Нижний Новгород,Сбербанк,188542,2010-01-24,Проект-23,Комментарий 23,Должность 23,756,121,865,Навыки 23,Уровень 23,Статус 23,135,Контракт 23,519,992,Оценка 23,Категория 23,898,55,Страна 23,393,656,Тип договора 23,Руководитель 23,870
Светлана,Соколов,53,Екатеринбург,Газпром,42406,2010-01-25,Проект-24,Комментарий 24,Должность 24,640,986,919,Навыки 24,Уровень 24,Статус 24,600,Контракт 24,45,371,Оценка 24,Категория 24,938,931,Страна 24,1,366,Тип договора 24,Руководитель 24,244
Мария,Иванов,46,Новосибирск,МТС,121307,2010-01-26,Проект-25,Комментарий 25,Должность 25,108,914,459,Навыки 25,Уровень 25,Статус 25,584,Контракт 25,603,777,Оценка 25,Категория 25,777,313,Страна 25,420,198,Тип договора 25,Руководитель 25,645
Татьяна,Попов,55,Новосибирск,МТС,113807,2010-01-27,Проект-26,Комментарий 26,Должность 26,470,561,971,Навыки 26,Уровень 26,Статус 26,750,Контракт 26,88,602,Оценка 26,Категория 26,440,805,Страна 26,743,498,Тип договора 26,Руководитель 26,191
Татьяна,Сидоров,49,Москва,Ростелеком,107695,2010-01-28,Проект-27,Комментарий 27,Должность 27,886,109,242,Навыки 27,Уровень 27,Статус 27,569,Контракт 27,20,487,Оценка 27,Категория 27,883,954,Страна 27,519,892,Тип договора 27,Руководитель 27,702
Екатерина,Петров,31,Новосибирск,Яндекс,142495,2010-01-29,Проект-28,Комментарий 28,Должность 28,780,179,221,Навыки 28,Уровень 28,Статус 28,42,Контракт 28,220,785,Оценка 28,Категория 28,716,27,Страна 28,494,49,Тип договора 28,Руководитель 28,994
Светлана,Кузнецов,46,Нижний Новгород,Яндекс,130433,2010-01-30,Проект-29,Комментарий 29,Должность 29,366,915,357,Навыки 29,Уровень 29,Статус 29,882,Контракт 29,259,194,Оценка 29,Категория 29,941,706,Страна 29,894,425,Тип договора 29,Руководитель 29,33
Светлана,Попов,55,Москва,Сбербанк,173694,2010-01-31,Проект-30,Комментарий 30,Должность 30,60,877,923,Навыки 30,Уровень 30,Статус 30,356,Контракт 30,679,545,Оценка 30,Категория 30,80,858,Страна 30,703,238,Тип договора 30,Руководитель 30,649
Светлана,Козлов,40,Екатеринбург,Газпром,106831,2010-02-01,Проект-31,Комментарий 31,Должность 31,645,640,552,Навыки 31,Уровень 31,Статус 31,276,Контракт 31,981,710,Оценка 31,Категория 31,56,545,Страна 31,40,331,Тип договора 31,Руководитель 31,138
Ольга,Попов,34,Новосибирск,Ростелеком,50470,2010-02-02,Проект-32,Комментарий 32,Должность 32,880,762,149,Навыки 32,Уровень 32,Статус 32,982,Контракт 32,744,802,Оценка 32,Категория 32,202,46,Страна 32,183,44,Тип договора 32,Руководитель 32,891
Татьяна,Кузнецов,21,Нижний Новгород,РЖД,43265,2010-02-03,Проект-33,Комментарий 33,Должность 33,498,952,44,Навыки 33,Уровень 33,Статус 33,300,Контракт 33,655,127,Оценка 33,Категория 33,781,464,Страна 33,384,169,Тип договора 33,Руководитель 33,612
Николай,Козлов,25,Москва,Газпром,74721,2010-02-04,Проект-34,Комментарий 34,Должность 34,969,673,693,Навыки 34,Уровень 34,Статус 34,751,Контракт 34,618,932,Оценка 34,Категория 34,268,412,Страна 34,984,93,Тип договора 34,Руководитель 34,233
Екатерина,Петров,31,Екатеринбург,РЖД,186415,2010-02-05,Проект-35,Комментарий 35,Должность 35,968,726,784,Навыки 35,Уровень 35,Статус 35,274,Контракт 35,816,123,Оценка 35,Категория 35,456,107,Страна 35,377,404,Тип договора 35,Руководитель 35,17
Дмитрий,Морозов,48,Санкт-Петербург,Ростелеком,53581,2010-02-06,Проект-36,Комментарий 36,Должность 36,310,886,185,Навыки 36,Уровень 36,Статус 36,517,Контракт 36,876,172,Оценка 36,Категория 36,152,750,Страна 36,142,614,Тип договора 36,Руководитель 36,141
Ольга,Морозов,38,Новосибирск,Сбербанк,164873,2010-02-07,Проект-37,Комментарий 37,Должность 37,564,591,451,Навыки 37,Уровень 37,Статус 37,613,Контракт 37,683,404,Оценка 37,Категория 37,698,770,Страна 37,771,596,Тип договора 37,Руководитель 37,631
Николай,Кузнецов,43,Нижний Новгород,Яндекс,69607,2010-02-08,Проект-38,Комментарий 38,Должность 38,752,794,351,Навыки 38,Уровень 38,Статус 38,763,Контракт 38,337,35,Оценка 38,Категория 38,768,430,Страна 38,298,475,Тип договора 38,Руководитель 38,529
Иван,Новиков,38,Екатеринбург,Яндекс,187927,2010-02-09,Проект-39,Комментарий 39,Должность 39,396,851,508,Навыки 39,Уровень 39,Статус 39,245,Контракт 39,773,956,Оценка 39,Категория 39,937,385,Страна 39,305,418,Тип договора 39,Руководитель 39,342
Николай,Кузнецов,59,Екатеринбург,РЖД,143159,2010-02-10,Проект-40,Комментарий 40,Должность 40,686,75,230,Навыки 40,Уровень 40,Статус 40,551,Контракт 40,82,833,Оценка 40,Категория 40,860,612,Страна 40,153,894,Тип договора 40,Руководитель 40,340
Светлана,Новиков,36,Новосибирск,Газпром,155189,2010-02-11,Проект-41,Комментарий 41,Должность 41,747,881,40,Навыки 41,Уровень 41,Статус 41,608,Контракт 41,283,229,Оценка 41,Категория 41,86,521,Страна 41,521,706,Тип договора 41,Руководитель 41,676
Екатерина,Попов,38,Нижний Новгород,Лукойл,138144,2010-02-12,Проект-42,Комментарий 42,Должность 42,439,974,575,Навыки 42,Уровень 42,Статус 42,966,Контракт 42,993,445,Оценка 42,Категория 42,721,124,Страна 42,892,805,Тип договора 42,Руководитель 42,168
Дмитрий,Морозов,53,Казань,Газпром,187296,2010-02-13,Проект-43,Комментарий 43,Должность 43,923,197,312,Навыки 43,Уровень 43,Статус 43,142,Контракт 43,416,344,Оценка 43,Категория 43,648,993,Страна 43,944,782,Тип договора 43,Руководитель 43,966
Светлана,Иванов,47,Санкт-Петербург,Ростелеком,188871,2010-02-14,Проект-44,Комментарий 44,Должность 44,193,197,463,Навыки 44,Уровень 44,Статус 44,89,Контракт 44,728,267,Оценка 44,Категория 44,3,295,Страна 44,207,109,Тип договора 44,Руководитель 44,98
Кирилл,Петров,32,Нижний Новгород,Ростелеком,61930,2010-02-15,Проект-45,Комментарий 45,Должность 45,151,293,400,Навыки 45,Уровень 45,Статус 45,415,Контракт 45,501,130,Оценка 45,Категория 45,791,571,Страна 45,106,929,Тип договора 45,Руководитель 45,51
Иван,Сидоров,27,Санкт-Петербург,Ростелеком,49719,2010-02-16,Проект-46,Комментарий 46,Должность 46,789,76,2,Навыки 46,Уровень 46,Статус 46,694,Контракт 46,425,821,Оценка 46,Категория 46,904,866,Страна 46,885,728,Тип договора 46,Руководитель 46,70
Иван,Иванов,35,Новосибирск,Яндекс,71760,2010-02-17,Проект-47,Комментарий 47,Должность 47,398,508,883,Навыки 47,Уровень 47,Статус 47,87,Контракт 47,709,146,Оценка 47,Категория 47,525,295,Страна 47,671,489,Тип договора 47,Руководитель 47,310
Дмитрий,Козлов,24,Казань,Яндекс,74474,2010-02-18,Проект-48,Комментарий 48,Должность 48,960,56,942,Навыки 48,Уровень 48,Статус 48,200,Контракт 48,305,68,Оценка 48,Категория 48,340,971,Страна 48,166,962,Тип договора 48,Руководитель 48,245
Кирилл,Соколов,51,Нижний Новгород,Яндекс,146846,2010-02-19,Проект-49,Комментарий 49,Должность 49,547,283,135,Навыки 49,Уровень 49,Статус 49,891,Контракт 49,436,403,Оценка 49,Категория 49,432,107,Страна 49,458,696,Тип договора 49,Руководитель 49,87
Татьяна,Сидоров,39,Казань,РЖД,154932,2010-02-20,Проект-50,Комментарий 50,Должность 50,140,379,701,Навыки 50,Уровень 50,Статус 50,224,Контракт 50,221,56,Оценка 50,Категория 50,61,239,Страна 50,241,131,Тип договора 50,Руководитель 50,452
Иван,Морозов,47,Новосибирск,Ростелеком,138543,2010-02-21,Проект-51,Комментарий 51,Должность 51,668,856,390,Навыки 51,Уровень 51,Статус 51,137,Контракт 51,753,399,Оценка 51,Категория 51,233,739,Страна 51,310,746,Тип договора 51,Руководитель 51,83
Ольга,Морозов,57,Москва,МТС,189106,2010-02-22,Проект-52,Комментарий 52,Должность 52,335,79,669,Навыки 52,Уровень 52,Статус 52,535,Контракт 52,240,720,Оценка 52,Категория 52,550,537,Страна 52,189,216,Тип договора 52,Руководитель 52,692
Кирилл,Кузнецов,20,Нижний Новгород,РЖД,190801,2010-02-23,Проект-53,Комментарий 53,Должность 53,366,357,599,Навыки 53,Уровень 53,Статус 53,915,Контракт 53,719,708,Оценка 53,Категория 53,182,428,Страна 53,322,316,Тип договора 53,Руководитель 53,773
Ольга,Козлов,24,Новосибирск,РЖД,112445,2010-02-24,Проект-54,Комментарий 54,Должность 54,967,403,861,Навыки 54,Уровень 54,Статус 54,198,Контракт 54,974,148,Оценка 54,Категория 54,40,234,Страна 54,494,993,Тип договора 54,Руководитель 54,525
Екатерина,Соколов,44,Екатеринбург,Яндекс,66761,2010-02-25,Проект-55,Комментарий 55,Должность 55,438,899,434,Навыки 55,Уровень 55,Статус 55,358,Контракт 55,814,645,Оценка 55,Категория 55,966,652,Страна 55,589,181,Тип договора 55,Руководитель 55,723
Мария,Козлов,53,Екатеринбург,Лукойл,61852,2010-02-26,Проект-56,Комментарий 56,Должность 56,84,584,211,Навыки 56,Уровень 56,Статус 56,988,Контракт 56,41,778,Оценка 56,Категория 56,574,42,Страна 56,19,145,Тип договора 56,Руководитель 56,750
Иван,Иванов,36,Санкт-Петербург,Яндекс,68234,2010-02-27,Проект-57,Комментарий 57,Должность 57,329,426,883,Навыки 57,Уровень 57,Статус 57,29,Контракт 57,475,682,Оценка 57,Категория 57,463,335,Страна 57,475,466,Тип договора 57,Руководитель 57,742
Татьяна,Кузнецов,44,Новосибирск,Яндекс,87462,2010-02-28,Проект-58,Комментарий 58,Должность 58,114,825,116,Навыки 58,Уровень 58,Статус 58,638,Контракт 58,25,296,Оценка 58,Категория 58,529,386,Страна 58,528,789,Тип договора 58,Руководитель 58,116
Мария,Морозов,46,Москва,Яндекс,51606,2010-03-01,Проект-59,Комментарий 59,Должность 59,436,703,149,Навыки 59,Уровень 59,Статус 59,27,Контракт 59,675,583,Оценка 59,Категория 59,166,986,Страна 59,402,941,Тип договора 59,Руководитель 59,13
Татьяна,Лебедев,44,Новосибирск,Ростелеком,96621,2010-03-02,Проект-60,Комментарий 60,Должность 60,339,496,934,Навыки 60,Уровень 60,Статус 60,587,Контракт 60,539,986,Оценка 60,Категория 60,367,403,Страна 60,542,24,Тип договора 60,Руководитель 60,733
Иван,Иванов,47,Санкт-Петербург,Лукойл,137258,2010-03-03,Проект-61,Комментарий 61,Должность 61,821,979,977,Навыки 61,Уровень 61,Статус 61,258,Контракт 61,266,467,Оценка 61,Категория 61,520,144,Страна 61,767,932,Тип договора 61,Руководитель 61,446
Екатерина,Морозов,55,Нижний Новгород,Газпром,53815,2010-03-04,Проект-62,Комментарий 62,Должность 62,317,708,569,Навыки 62,Уровень 62,Статус 62,795,Контракт 62,32,74,Оценка 62,Категория 62,97,33,Страна 62,265,117,Тип договора 62,Руководитель 62,213
Кирилл,Морозов,38,Екатеринбург,Лукойл,190288,2010-03-05,Проект-63,Комментарий 63,Должность 63,882,757,617,Навыки 63,Уровень 63,Статус 63,820,Контракт 63,694,733,Оценка 63,Категория 63,562,867,Страна 63,638,650,Тип договора 63,Руководитель 63,444
Татьяна,Петров,30,Нижний Новгород,РЖД,73817,2010-03-06,Проект-64,Комментарий 64,Должность 64,179,68,621,Навыки 64,Уровень 64,Статус 64,726,Контракт 64,419,944,Оценка 64,Категория 64,697,58,Страна 64,140,482,Тип договора 64,Руководитель 64,907
Дмитрий,Лебедев,39,Казань,РЖД,89753,2010-03-07,Проект-65,Комментарий 65,Должность 65,238,661,715,Навыки 65,Уровень 65,Статус 65,35,Контракт 65,559,40,Оценка 65,Категория 65,515,222,Страна 65,469,686,Тип договора 65,Руководитель 65,324
Алексей,Сидоров,32,Екатеринбург,Ростелеком,105725,2010-03-08,Проект-66,Комментарий 66,Должность 66,265,101,986,Навыки 66,Уровень 66,Статус 66,120,Контракт 66,592,652,Оценка 66,Категория 66,826,903,Страна 66,245,450,Тип договора 66,Руководитель 66,455
Татьяна,Кузнецов,34,Нижний Новгород,Ростелеком,178058,2010-03-09,Проект-67,Комментарий 67,Должность 67,672,904,88,Навыки 67,Уровень 67,Статус 67,352,Контракт 67,91,660,Оценка 67,Категория 67,239,130,Страна 67,342,586,Тип договора 67,Руководитель 67,384
Мария,Новиков,43,Нижний Новгород,МТС,168304,2010-03-10,Проект-68,Комментарий 68,Должность 68,329,775,782,Навыки 68,Уровень 68,Статус 68,975,Контракт 68,543,591,Оценка 68,Категория 68,300,372,Страна 68,707,365,Тип договора 68,Руководитель 68,617
Иван,Козлов,42,Москва,Лукойл,86894,2010-03-11,Проект-69,Комментарий 69,Должность 69,987,662,42,Навыки 69,Уровень 69,Статус 69,674,Контракт 69,740,899,Оценка 69,Категория 69,587,139,Страна 69,190,851,Тип договора 69,Руководитель 69,747
Иван,Новиков,44,Санкт-Петербург,Яндекс,123464,2010-03-12,Проект-70,Комментарий 70,Должность 70,503,970,424,Навыки 70,Уровень 70,Статус 70,233,Контракт 70,825,543,Оценка 70,Категория 70,479,588,Страна 70,998,412,Тип договора 70,Руководитель 70,304
Ольга,Лебедев,58,Екатеринбург,Лукойл,93792,2010-03-13,Проект-71,Комментарий 71,Должность 71,531,256,353,Навыки 71,Уровень 71,Статус 71,134,Контракт 71,158,914,Оценка 71,Категория 71,983,236,Страна 71,934,331,Тип договора 71,Руководитель 71,336
Светлана,Петров,51,Новосибирск,МТС,118275,2010-03-14,Проект-72,Комментарий 72,Должность 72,469,766,558,Навыки 72,Уровень 72,Статус 72,275,Контракт 72,323,770,Оценка 72,Категория 72,386,256,Страна 72,459,48,Тип договора 72,Руководитель 72,24
Ольга,Соколов,56,Екатеринбург,Газпром,180613,2010-03-15,Проект-73,Комментарий 73,Должность 73,642,71,449,Навыки 73,Уровень 73,Статус 73,514,Контракт 73,469,384,Оценка 73,Категория 73,511,213,Страна 73,832,239,Тип договора 73,Руководитель 73,400
Ольга,Козлов,27,Новосибирск,Ростелеком,157464,2010-03-16,Проект-74,Комментарий 74,Должность 74,323,220,78,Навыки 74,Уровень 74,Статус 74,310,Контракт 74,876,160,Оценка 74,Категория 74,822,987,Страна 74,514,996,Тип договора 74,Руководитель 74,92
Дмитрий,Новиков,58,Москва,Ростелеком,80449,2010-03-17,Проект-75,Комментарий 75,Должность 75,795,230,292,Навыки 75,Уровень 75,Статус 75,329,Контракт 75,217,854,Оценка 75,Категория 75,286,125,Страна 75,626,204,Тип договора 75,Руководитель 75,404
Екатерина,Сидоров,27,Нижний Новгород,Лукойл,171020,2010-03-18,Проект-76,Комментарий 76,Должность 76,677,587,121,Навыки 76,Уровень 76,Статус 76,703,Контракт 76,507,661,Оценка 76,Категория 76,480,468,Страна 76,744,223,Тип договора 76,Руководитель 76,663
Екатерина,Козлов,52,Нижний Новгород,Лукойл,144437,2010-03-19,Проект-77,Комментарий 77,Должность 77,598,878,638,Навыки 77,Уровень 77,Статус 77,130,Контракт 77,876,181,Оценка 77,Категория 77,758,429,Страна 77,867,599,Тип договора 77,Руководитель 77,324
Ольга,Козлов,35,Казань,РЖД,115665,2010-03-20,Проект-78,Комментарий 78,Должность 78,45,870,165,Навыки 78,Уровень 78,Статус 78,607,Контракт 78,378,104,Оценка 78,Категория 78,713,997,Страна 78,456,73,Тип договора 78,Руководитель 78,305
Светлана,Соколов,45,Москва,Лукойл,193397,2010-03-21,Проект-79,Комментарий 79,Должность 79,251,869,214,Навыки 79,Уровень 79,Статус 79,584,Контракт 79,126,798,Оценка 79,Категория 79,71,335,Страна 79,119,904,Тип договора 79,Руководитель 79,376
Дмитрий,Попов,35,Москва,Лукойл,110450,2010-03-22,Проект-80,Комментарий 80,Должность 80,25,456,549,Навыки 80,Уровень 80,Статус 80,622,Контракт 80,387,666,Оценка 80,Категория 80,385,598,Страна 80,581,170,Тип договора 80,Руководитель 80,467
Иван,Иванов,29,Екатеринбург,Сбербанк,64955,2010-03-23,Проект-81,Комментарий 81,Должность 81,834,996,321,Навыки 81,Уровень 81,Статус 81,783,Контракт 81,779,680,Оценка 81,Категория 81,687,968,Страна 81,417,208,Тип договора 81,Руководитель 81,807
Кирилл,Новиков,46,Казань,МТС,186489,2010-03-24,Проект-82,Комментарий 82,Должность 82,101,683,339,Навыки 82,Уровень 82,Статус 82,670,Контракт 82,370,40,Оценка 82,Категория 82,157,159,Страна 82,907,60,Тип договора 82,Руководитель 82,251
Алексей,Лебедев,22,Санкт-Петербург,Газпром,179067,2010-03-25,Проект-83,Комментарий 83,Должность 83,886,565,179,Навыки 83,Уровень 83,Статус 83,5,Контракт 83,448,866,Оценка 83,Категория 83,419,239,Страна 83,3,176,Тип договора 83,Руководитель 83,12
Мария,Морозов,48,Москва,Сбербанк,47725,2010-03-26,Проект-84,Комментарий 84,Должность 84,947,24,340,Навыки 84,Уровень 84,Статус 84,758,Контракт 84,537,923,Оценка 84,Категория 84,729,396,Страна 84,346,763,Тип договора 84,Руководитель 84,703
Екатерина,Новиков,44,Новосибирск,Лукойл,135743,2010-03-27,Проект-85,Комментарий 85,Должность 85,339,352,266,Навыки 85,Уровень 85,Статус 85,818,Контракт 85,342,574,Оценка 85,Категория 85,484,417,Страна 85,4,429,Тип договора 85,Руководитель 85,672
Дмитрий,Козлов,41,Москва,Лукойл,173342,2010-03-28,Проект-86,Комментарий 86,Должность 86,113,57,395,Навыки 86,Уровень 86,Статус 86,516,Контракт 86,340,897,Оценка 86,Категория 86,271,114,Страна 86,857,867,Тип договора 86,Руководитель 86,854
Екатерина,Сидоров,25,Санкт-Петербург,Сбербанк,103507,2010-03-29,Проект-87,Комментарий 87,Должность 87,362,416,914,Навыки 87,Уровень 87,Статус 87,695,Контракт 87,480,624,Оценка 87,Категория 87,181,363,Страна 87,32,828,Тип договора 87,Руководитель 87,630
Дмитрий,Соколов,51,Екатеринбург,Ростелеком,104113,2010-03-30,Проект-88,Комментарий 88,Должность 88,735,837,856,Навыки 88,Уровень 88,Статус 88,689,Контракт 88,730,3,Оценка 88,Категория 88,219,923,Страна 88,280,558,Тип договора 88,Руководитель 88,252
Екатерина,Новиков,59,Москва,Лукойл,122914,2010-03-31,Проект-89,Комментарий 89,Должность 89,824,41,306,Навыки 89,Уровень 89,Статус 89,23,Контракт 89,381,688,Оценка 89,Категория 89,786,576,Страна 89,365,559,Тип договора 89,Руководитель 89,597
Иван,Козлов,35,Санкт-Петербург,Газпром,169452,2010-04-01,Проект-90,Комментарий 90,Должность 90,700,163,413,Навыки 90,Уровень 90,Статус 90,115,Контракт 90,930,806,Оценка 90,Категория 90,510,416,Страна 90,776,452,Тип договора 90,Руководитель 90,734
Дмитрий,Кузнецов,42,Москва,Яндекс,49282,2010-04-02,Проект-91,Комментарий 91,Должность 91,48,773,304,Навыки 91,Уровень 91,Статус 91,619,Контракт 91,144,57,Оценка 91,Категория 91,976,545,Страна 91,803,603,Тип договора 91,Руководитель 91,467
Кирилл,Петров,21,Москва,Яндекс,172923,2010-04-03,Проект-92,Комментарий 92,Должность 92,617,566,909,Навыки 92,Уровень 92,Статус 92,379,Контракт 92,186,962,Оценка 92,Категория 92,891,322,Страна 92,528,603,Тип договора 92,Руководитель 92,451
Мария,Сидоров,53,Казань,Ростелеком,132098,2010-04-04,Проект-93,Комментарий 93,Должность 93,789,118,469,Навыки 93,Уровень 93,Статус 93,148,Контракт 93,841,265,Оценка 93,Категория 93,791,489,Страна 93,216,388,Тип договора 93,Руководитель 93,203
Ольга,Иванов,21,Санкт-Петербург,Яндекс,116028,2010-04-05,Проект-94,Комментарий 94,Должность 94,33,169,696,Навыки 94,Уровень 94,Статус 94,352,Контракт 94,963,21,Оценка 94,Категория 94,908,538,Страна 94,659,569,Тип договора 94,Руководитель 94,676
Мария,Сидоров,34,Казань,Лукойл,76385,2010-04-06,Проект-95,Комментарий 95,Должность 95,184,302,938,Навыки 95,Уровень 95,Статус 95,626,Контракт 95,194,998,Оценка 95,Категория 95,479,123,Страна 95,178,565,Тип договора 95,Руководитель 95,929
Иван,Козлов,54,Нижний Новгород,Лукойл,101038,2010-04-07,Проект-96,Комментарий 96,Должность 96,219,103,498,Навыки 96,Уровень 96,Статус 96,23,Контракт 96,295,532,Оценка 96,Категория 96,837,931,Страна 96,506,950,Тип договора 96,Руководитель 96,769
Мария,Сидоров,55,Москва,РЖД,81866,2010-04-08,Проект-97,Комментарий 97,Должность 97,833,301,767,Навыки 97,Уровень 97,Статус 97,733,Контракт 97,132,168,Оценка 97,Категория 97,580,985,Страна 97,449,159,Тип договора 97,Руководитель 97,816
Екатерина,Козлов,52,Новосибирск,РЖД,171330,2010-04-09,Проект-98,Комментарий 98,Должность 98,557,363,14,Навыки 98,Уровень 98,Статус 98,655,Контракт 98,86,343,Оценка 98,Категория 98,9,125,Страна 98,442,174,Тип договора 98,Руководитель 98,372
Мария,Сидоров,37,Казань,Ростелеком,72289,2010-04-10,Проект-99,Комментарий 99,Должность 99,464,548,516,Навыки 99,Уровень 99,Статус 99,194,Контракт 99,135,949,Оценка 99,Категория 99,21,842,Страна 99,661,219,Тип договора 99,Руководитель 99,650
Ольга,Лебедев,45,Москва,Яндекс,118897,2010-04-11,Проект-100,Комментарий 100,Должность 100,699,357,917,Навыки 100,Уровень 100,Статус 100,302,Контракт 100,28,571,Оценка 100,Категория 100,95,229,Страна 100,905,411,Тип договора 100,Руководитель 100,414
Дмитрий,Козлов,30,Нижний Новгород,МТС,179154,2010-04-12,Проект-101,Комментарий 101,Должность 101,640,127,592,Навыки 101,Уровень 101,Статус 101,71,Контракт 101,657,326,Оценка 101,Категория 101,271,678,Страна 101,961,195,Тип договора 101,Руководитель 101,973
Алексей,Лебедев,43,Новосибирск,Сбербанк,82866,2010-04-13,Проект-102,Комментарий 102,Должность 102,290,934,174,Навыки 102,Уровень 102,Статус 102,45,Контракт 102,321,691,Оценка 102,Категория 102,598,662,Страна 102,812,675,Тип договора 102,Руководитель 102,704
Иван,Кузнецов,43,Москва,Яндекс,68081,2010-04-14,Проект-103,Комментарий 103,Должность 103,823,865,823,Навыки 103,Уровень 103,Статус 103,45,Контракт 103,933,242,Оценка 103,Категория 103,211,586,Страна 103,959,573,Тип договора 103,Руководитель 103,668
Алексей,Соколов,28,Казань,Яндекс,41589,2010-04-15,Проект-104,Комментарий 104,Должность 104,830,287,426,Навыки 104,Уровень 104,Статус 104,296,Контракт 104,183,69,Оценка 104,Категория 104,76,503,Страна 104,353,391,Тип договора 104,Руководитель 104,569
Кирилл,Попов,30,Санкт-Петербург,Сбербанк,70808,2010-04-16,Проект-105,Комментарий 105,Должность 105,340,830,684,Навыки 105,Уровень 105,Статус 105,790,Контракт 105,670,437,Оценка 105,Категория 105,797,741,Страна 105,726,112,Тип договора 105,Руководитель 105,575
Николай,Петров,21,Москва,Газпром,138133,2010-04-17,Проект-106,Комментарий 106,Должность 106,544,8,878,Навыки 106,Уровень 106,Статус 106,449,Контракт 106,115,673,Оценка 106,Категория 106,909,443,Страна 106,715,842,Тип договора 106,Руководитель 106,352
Кирилл,Кузнецов,20,Новосибирск,Яндекс,117263,2010-04-18,Проект-107,Комментарий 107,Должность 107,776,420,242,Навыки 107,Уровень 107,Статус 107,25,Контракт 107,85,274,Оценка 107,Категория 107,107,156,Страна 107,212,216,Тип договора 107,Руководитель 107,298
Ольга,Петров,34,Москва,Лукойл,115540,2010-04-19,Проект-108,Комментарий 108,Должность 108,433,807,482,Навыки 108,Уровень 108,Статус 108,574,Контракт 108,822,413,Оценка 108,Категория 108,739,331,Страна 108,626,703,Тип договора 108,Руководитель 108,453
Дмитрий,Лебедев,29,Санкт-Петербург,МТС,184754,2010-04-20,Проект-109,Комментарий 109,Должность 109,827,748,605,Навыки 109,Уровень 109,Статус 109,543,Контракт 109,230,499,Оценка 109,Категория 109,235,736,Страна 109,427,37,Тип договора 109,Руководитель 109,971
Ольга,Петров,22,Екатеринбург,РЖД,81150,2010-04-21,Проект-110,Комментарий 110,Должность 110,527,887,761,Навыки 110,Уровень 110,Статус 110,643,Контракт 110,123,787,Оценка 110,Категория 110,885,583,Страна 110,234,933,Тип договора 110,Руководитель 110,417
Кирилл,Лебедев,40,Екатеринбург,МТС,100616,2010-04-22,Проект-111,Комментарий 111,Должность 111,469,609,661,Навыки 111,Уровень 111,Статус 111,738,Контракт 111,275,329,Оценка 111,Категория 111,902,105,Страна 111,988,311,Тип договора 111,Руководитель 111,201
Николай,Морозов,43,Нижний Новгород,Лукойл,90871,2010-04-23,Проект-112,Комментарий 112,Должность 112,838,705,197,Навыки 112,Уровень 112,Статус 112,888,Контракт 112,338,289,Оценка 112,Категория 112,998,585,Страна 112,529,174,Тип договора 112,Руководитель 112,587
Ольга,Попов,25,Санкт-Петербург,МТС,105041,2010-04-24,Проект-113,Комментарий 113,Должность 113,13,449,536,Навыки 113,Уровень 113,Статус 113,218,Контракт 113,190,228,Оценка 113,Категория 113,171,660,Страна 113,73,611,Тип договора 113,Руководитель 113,962
Екатерина,Петров,40,Нижний Новгород,Яндекс,199944,2010-04-25,Проект-114,Комментарий 114,Должность 114,934,94,350,Навыки 114,Уровень 114,Статус 114,884,Контракт 114,444,276,Оценка 114,Категория 114,261,241,Страна 114,170,537,Тип договора 114,Руководитель 114,218
Кирилл,Сидоров,42,Санкт-Петербург,Лукойл,51860,2010-04-26,Проект-115,Комментарий 115,Должность 115,332,872,25,Навыки 115,Уровень 115,Статус 115,866,Контракт 115,440,48,Оценка 115,Категория 115,149,426,Страна 115,652,960,Тип договора 115,Руководитель 115,936
Иван,Петров,24,Санкт-Петербург,Яндекс,142688,2010-04-27,Проект-116,Комментарий 116,Должность 116,359,899,65,Навыки 116,Уровень 116,Статус 116,940,Контракт 116,903,325,Оценка 116,Категория 116,428,69,Страна 116,58,681,Тип договора 116,Руководитель 116,398
Николай,Соколов,48,Санкт-Петербург,Лукойл,188318,2010-04-28,Проект-117,Комментарий 117,Должность 117,620,392,163,Навыки 117,Уровень 117,Статус 117,68,Контракт 117,381,872,Оценка 117,Категория 117,288,962,Страна 117,187,963,Тип договора 117,Руководитель 117,63
Татьяна,Петров,59,Екатеринбург,Газпром,140636,2010-04-29,Проект-118,Комментарий 118,Должность 118,197,334,927,Навыки 118,Уровень 118,Статус 118,994,Контракт 118,992,407,Оценка 118,Категория 118,328,912,Страна 118,332,88,Тип договора 118,Руководитель 118,774
Екатерина,Сидоров,56,Нижний Новгород,Лукойл,120286,2010-04-30,Проект-119,Комментарий 119,Должность 119,100,344,944,Навыки 119,Уровень 119,Статус 119,618,Контракт 119,135,287,Оценка 119,Категория 119,509,753,Страна 119,544,644,Тип договора 119,Руководитель 119,819
Алексей,Соколов,59,Санкт-Петербург,Сбербанк,168414,2010-05-01,Проект-120,Комментарий 120,Должность 120,438,436,393,Навыки 120,Уровень 120,Статус 120,422,Контракт 120,773,968,Оценка 120,Категория 120,748,144,Страна 120,449,610,Тип договора 120,Руководитель 120,646
Мария,Попов,58,Москва,Ростелеком,139017,2010-05-02,Проект-121,Комментарий 121,Должность 121,751,160,168,Навыки 121,Уровень 121,Статус 121,216,Контракт 121,694,607,Оценка 121,Категория 121,45,48,Страна 121,596,574,Тип договора 121,Руководитель 121,626
Иван,Петров,36,Нижний Новгород,Ростелеком,98873,2010-05-03,Проект-122,Комментарий 122,Должность 122,758,397,843,Навыки 122,Уровень 122,Статус 122,674,Контракт 122,440,633,Оценка 122,Категория 122,978,631,Страна 122,29,884,Тип договора 122,Руководитель 122,192
Иван,Иванов,41,Екатеринбург,Сбербанк,196602,2010-05-04,Проект-123,Комментарий 123,Должность 123,557,200,190,Навыки 123,Уровень 123,Статус 123,38,Контракт 123,188,90,Оценка 123,Категория 123,493,98,Страна 123,428,504,Тип договора 123,Руководитель 123,630
Татьяна,Кузнецов,34,Казань,Сбербанк,150095,2010-05-05,Проект-124,Комментарий 124,Должность 124,921,929,731,Навыки 124,Уровень 124,Статус 124,508,Контракт 124,932,175,Оценка 124,Категория 124,811,751,Страна 124,975,184,Тип договора 124,Руководитель 124,889
Николай,Сидоров,58,Санкт-Петербург,Газпром,167573,2010-05-06,Проект-125,Комментарий 125,Должность 125,64,787,221,Навыки 125,Уровень 125,Статус 125,538,Контракт 125,531,879,Оценка 125,Категория 125,452,686,Страна 125,747,255,Тип договора 125,Руководитель 125,474
Ольга,Соколов,23,Москва,МТС,86010,2010-05-07,Проект-126,Комментарий 126,Должность 126,436,479,304,Навыки 126,Уровень 126,Статус 126,311,Контракт 126,23,28,Оценка 126,Категория 126,8,578,Страна 126,724,383,Тип договора 126,Руководитель 126,613
Татьяна,Морозов,58,Екатеринбург,Газпром,177039,2010-05-08,Проект-127,Комментарий 127,Должность 127,585,350,680,Навыки 127,Уровень 127,Статус 127,53,Контракт 127,188,185,Оценка 127,Категория 127,100,265,Страна 127,361,382,Тип договора 127,Руководитель 127,278
Светлана,Лебедев,41,Екатеринбург,Лукойл,144747,2010-05-09,Проект-128,Комментарий 128,Должность 128,137,976,425,Навыки 128,Уровень 128,Статус 128,21,Контракт 128,214,233,Оценка 128,Категория 128,203,217,Страна 128,158,280,Тип договора 128,Руководитель 128,969
Николай,Сидоров,54,Новосибирск,Газпром,95300,2010-05-10,Проект-129,Комментарий 129,Должность 129,240,46,64,Навыки 129,Уровень 129,Статус 129,603,Контракт 129,300,661,Оценка 129,Категория 129,400,138,Страна 129,894,172,Тип договора 129,Руководитель 129,408
Дмитрий,Новиков,41,Казань,Яндекс,62950,2010-05-11,Проект-130,Комментарий 130,Должность 130,196,986,13,Навыки 130,Уровень 130,Статус 130,895,Контракт 130,466,862,Оценка 130,Категория 130,698,16,Страна 130,239,887,Тип договора 130,Руководитель 130,554
Светлана,Кузнецов,28,Казань,МТС,153022,2010-05-12,Проект-131,Комментарий 131,Должность 131,950,80,162,Навыки 131,Уровень 131,Статус 131,934,Контракт 131,216,512,Оценка 131,Категория 131,291,344,Страна 131,743,47,Тип договора 131,Руководитель 131,7
Дмитрий,Лебедев,32,Казань,РЖД,164755,2010-05-13,Проект-132,Комментарий 132,Должность 132,19,921,302,Навыки 132,Уровень 132,Статус 132,755,Контракт 132,58,92,Оценка 132,Категория 132,636,508,Страна 132,191,339,Тип договора 132,Руководитель 132,206
Светлана,Кузнецов,26,Санкт-Петербург,Газпром,61528,2010-05-14,Проект-133,Комментарий 133,Должность 133,157,452,504,Навыки 133,Уровень 133,Статус 133,3,Контракт 133,596,836,Оценка 133,Категория 133,23,433,Страна 133,494,613,Тип договора 133,Руководитель 133,540
Иван,Соколов,38,Нижний Новгород,Ростелеком,170386,2010-05-15,Проект-134,Комментарий 134,Должность 134,954,373,686,Навыки 134,Уровень 134,Статус 134,694,Контракт 134,372,884,Оценка 134,Категория 134,239,703,Страна 134,766,198,Тип договора 134,Руководитель 134,277
Екатерина,Иванов,39,Казань,Газпром,62125,2010-05-16,Проект-135,Комментарий 135,Должность 135,224,891,321,Навыки 135,Уровень 135,Статус 135,49,Контракт 135,895,447,Оценка 135,Категория 135,594,299,Страна 135,913,969,Тип договора 135,Руководитель 135,223
Алексей,Морозов,58,Новосибирск,Ростелеком,135507,2010-05-17,Проект-136,Комментарий 136,Должность 136,329,304,443,Навыки 136,Уровень 136,Статус 136,560,Контракт 136,474,999,Оценка 136,Категория 136,87,296,Страна 136,90,878,Тип договора 136,Руководитель 136,12
Екатерина,Петров,27,Новосибирск,Сбербанк,181807,2010-05-18,Проект-137,Комментарий 137,Должность 137,779,265,636,Навыки 137,Уровень 137,Статус 137,360,Контракт 137,960,847,Оценка 137,Категория 137,721,177,Страна 137,667,290,Тип договора 137,Руководитель 137,363
Екатерина,Новиков,32,Новосибирск,Ростелеком,154472,2010-05-19,Проект-138,Комментарий 138,Должность 138,903,771,538,Навыки 138,Уровень 138,Статус 138,423,Контракт 138,12,260,Оценка 138,Категория 138,921,529,Страна 138,885,278,Тип договора 138,Руководитель 138,554
Ольга,Новиков,55,Екатеринбург,Лукойл,49518,2010-05-20,Проект-139,Комментарий 139,Должность 139,26,776,896,Навыки 139,Уровень 139,Статус 139,579,Контракт 139,67,30,Оценка 139,Категория 139,553,415,Страна 139,694,124,Тип договора 139,Руководитель 139,788
Иван,Морозов,54,Новосибирск,РЖД,120407,2010-05-21,Проект-140,Комментарий 140,Должность 140,345,563,704,Навыки 140,Уровень 140,Статус 140,835,Контракт 140,11,778,Оценка 140,Категория 140,419,718,Страна 140,358,139,Тип договора 140,Руководитель 140,241
Дмитрий,Кузнецов,34,Москва,Ростелеком,142494,2010-05-22,Проект-141,Комментарий 141,Должность 141,613,3,156,Навыки 141,Уровень 141,Статус 141,482,Контракт 141,564,514,Оценка 141,Категория 141,715,787,Страна 141,909,306,Тип договора 141,Руководитель 141,855
Алексей,Козлов,59,Екатеринбург,Яндекс,175057,2010-05-23,Проект-142,Комментарий 142,Должность 142,900,853,554,Навыки 142,Уровень 142,Статус 142,923,Контракт 142,239,4,Оценка 142,Категория 142,320,419,Страна 142,424,818,Тип договора 142,Руководитель 142,790
Кирилл,Морозов,20,Санкт-Петербург,Сбербанк,83712,2010-05-24,Проект-143,Комментарий 143,Должность 143,748,416,469,Навыки 143,Уровень 143,Статус 143,885,Контракт 143,915,894,Оценка 143,Категория 143,735,194,Страна 143,447,984,Тип договора 143,Руководитель 143,168
Николай,Кузнецов,58,Санкт-Петербург,МТС,110831,2010-05-25,Проект-144,Комментарий 144,Должность 144,53,206,482,Навыки 144,Уровень 144,Статус 144,200,Контракт 144,289,713,Оценка 144,Категория 144,883,369,Страна 144,397,267,Тип договора 144,Руководитель 144,317
Иван,Петров,40,Санкт-Петербург,МТС,88366,2010-05-26,Проект-145,Комментарий 145,Должность 145,559,923,801,Навыки 145,Уровень 145,Статус 145,809,Контракт 145,535,707,Оценка 145,Категория 145,714,773,Страна 145,655,50,Тип договора 145,Руководитель 145,783
Екатерина,Лебедев,33,Санкт-Петербург,РЖД,180373,2010-05-27,Проект-146,Комментарий 146,Должность 146,272,205,538,Навыки 146,Уровень 146,Статус 146,691,Контракт 146,799,309,Оценка 146,Категория 146,919,944,Страна 146,451,199,Тип договора 146,Руководитель 146,519
Дмитрий,Козлов,39,Новосибирск,МТС,88165,2010-05-28,Проект-147,Комментарий 147,Должность 147,272,714,29,Навыки 147,Уровень 147,Статус 147,583,Контракт 147,540,258,Оценка 147,Категория 147,393,61,Страна 147,330,643,Тип договора 147,Руководитель 147,326
Мария,Кузнецов,48,Казань,Ростелеком,136814,2010-05-29,Проект-148,Комментарий 148,Должность 148,179,55,873,Навыки 148,Уровень 148,Статус 148,347,Контракт 148,656,127,Оценка 148,Категория 148,763,599,Страна 148,679,344,Тип договора 148,Руководитель 148,314
Алексей,Сидоров,40,Новосибирск,Лукойл,57618,2010-05-30,Проект-149,Комментарий 149,Должность 149,499,820,114,Навыки 149,Уровень 149,Статус 149,23,Контракт 149,181,206,Оценка 149,Категория 149,507,357,Страна 149,502,659,Тип договора 149,Руководитель 149,251
Ольга,Лебедев,20,Москва,Сбербанк,89883,2010-05-31,Проект-150,Комментарий 150,Должность 150,756,705,252,Навыки 150,Уровень 150,Статус 150,361,Контракт 150,350,527,Оценка 150,Категория 150,146,218,Страна 150,317,676,Тип договора 150,Руководитель 150,741
Светлана,Сидоров,28,Новосибирск,РЖД,57061,2010-06-01,Проект-151,Комментарий 151,Должность 151,930,266,591,Навыки 151,Уровень 151,Статус 151,315,Контракт 151,358,309,Оценка 151,Категория 151,590,554,Страна 151,565,922,Тип договора 151,Руководитель 151,930
Кирилл,Кузнецов,56,Екатеринбург,РЖД,179914,2010-06-02,Проект-152,Комментарий 152,Должность 152,532,771,412,Навыки 152,Уровень 152,Статус 152,498,Контракт 152,828,55,Оценка 152,Категория 152,612,868,Страна 152,85,919,Тип договора 152,Руководитель 152,38
Дмитрий,Петров,38,Екатеринбург,Лукойл,121390,2010-06-03,Проект-153,Комментарий 153,Должность 153,679,812,141,Навыки 153,Уровень 153,Статус 153,330,Контракт 153,545,906,Оценка 153,Категория 153,861,321,Страна 153,125,901,Тип договора 153,Руководитель 153,468
Мария,Иванов,46,Казань,Лукойл,58204,2010-06-04,Проект-154,Комментарий 154,Должность 154,201,749,267,Навыки 154,Уровень 154,Статус 154,912,Контракт 154,654,164,Оценка 154,Категория 154,136,725,Страна 154,925,385,Тип договора 154,Руководитель 154,689
Светлана,Попов,46,Екатеринбург,Яндекс,131945,2010-06-05,Проект-155,Комментарий 155,Должность 155,949,43,984,Навыки 155,Уровень 155,Статус 155,297,Контракт 155,452,396,Оценка 155,Категория 155,859,770,Страна 155,94,37,Тип договора 155,Руководитель 155,12
Кирилл,Новиков,34,Нижний Новгород,Газпром,74467,2010-06-06,Проект-156,Комментарий 156,Должность 156,631,764,339,Навыки 156,Уровень 156,Статус 156,748,Контракт 156,515,774,Оценка 156,Категория 156,104,812,Страна 156,806,263,Тип договора 156,Руководитель 156,130
Кирилл,Козлов,34,Новосибирск,Сбербанк,195397,2010-06-07,Проект-157,Комментарий 157,Должность 157,383,564,714,Навыки 157,Уровень 157,Статус 157,373,Контракт 157,208,349,Оценка 157,Категория 157,803,624,Страна 157,105,151,Тип договора 157,Руководитель 157,629
Кирилл,Петров,29,Санкт-Петербург,РЖД,127265,2010-06-08,Проект-158,Комментарий 158,Должность 158,824,440,11,Навыки 158,Уровень 158,Статус 158,24,Контракт 158,966,791,Оценка 158,Категория 158,589,843,Страна 158,165,452,Тип договора 158,Руководитель 158,494
Ольга,Сидоров,44,Москва,МТС,154745,2010-06-09,Проект-159,Комментарий 159,Должность 159,952,957,587,Навыки 159,Уровень 159,Статус 159,830,Контракт 159,693,234,Оценка 159,Категория 159,646,158,Страна 159,890,299,Тип договора 159,Руководитель 159,260
Дмитрий,Козлов,59,Москва,МТС,54045,2010-06-10,Проект-160,Комментарий 160,Должность 160,969,749,285,Навыки 160,Уровень 160,Статус 160,146,Контракт 160,851,791,Оценка 160,Категория 160,448,527,Страна 160,792,884,Тип договора 160,Руководитель 160,881
Дмитрий,Морозов,28,Нижний Новгород,Лукойл,139926,2010-06-11,Проект-161,Комментарий 161,Должность 161,795,529,583,Навыки 161,Уровень 161,Статус 161,566,Контракт 161,151,889,Оценка 161,Категория 161,521,71,Страна 161,785,947,Тип договора 161,Руководитель 161,199
Мария,Петров,45,Москва,РЖД,64581,2010-06-12,Проект-162,Комментарий 162,Должность 162,372,197,176,Навыки 162,Уровень 162,Статус 162,167,Контракт 162,786,380,Оценка 162,Категория 162,699,638,Страна 162,584,638,Тип договора 162,Руководитель 162,294
Иван,Иванов,46,Москва,РЖД,134809,2010-06-13,Проект-163,Комментарий 163,Должность 163,171,366,666,Навыки 163,Уровень 163,Статус 163,349,Контракт 163,214,710,Оценка 163,Категория 163,128,943,Страна 163,561,968,Тип договора 163,Руководитель 163,954
Светлана,Попов,58,Нижний Новгород,РЖД,172619,2010-06-14,Проект-164,Комментарий 164,Должность 164,964,579,181,Навыки 164,Уровень 164,Статус 164,470,Контракт 164,727,683,Оценка 164,Категория 164,803,946,Страна 164,233,987,Тип договора 164,Руководитель 164,315
Татьяна,Соколов,45,Санкт-Петербург,МТС,123941,2010-06-15,Проект-165,Комментарий 165,Должность 165,650,874,970,Навыки 165,Уровень 165,Статус 165,30,Контракт 165,402,722,Оценка 165,Категория 165,10,582,Страна 165,43,48,Тип договора 165,Руководитель 165,341
Алексей,Морозов,58,Екатеринбург,МТС,67090,2010-06-16,Проект-166,Комментарий 166,Должность 166,239,753,748,Навыки 166,Уровень 166,Статус 166,584,Контракт 166,858,731,Оценка 166,Категория 166,529,249,Страна 166,517,746,Тип договора 166,Руководитель 166,310
Дмитрий,Морозов,44,Москва,Лукойл,152588,2010-06-17,Проект-167,Комментарий 167,Должность 167,518,606,804,Навыки 167,Уровень 167,Статус 167,107,Контракт 167,122,893,Оценка 167,Категория 167,864,556,Страна 167,696,752,Тип договора 167,Руководитель 167,273
Дмитрий,Морозов,44,Санкт-Петербург,РЖД,106925,2010-06-18,Проект-168,Комментарий 168,Должность 168,697,56,712,Навыки 168,Уровень 168,Статус 168,329,Контракт 168,556,285,Оценка 168,Категория 168,574,842,Страна 168,200,198,Тип договора 168,Руководитель 168,986
Николай,Попов,57,Нижний Новгород,Яндекс,172645,2010-06-19,Проект-169,Комментарий 169,Должность 169,236,603,650,Навыки 169,Уровень 169,Статус 169,411,Контракт 169,343,980,Оценка 169,Категория 169,713,228,Страна 169,895,595,Тип договора 169,Руководитель 169,986
Иван,Петров,36,Екатеринбург,Сбербанк,170834,2010-06-20,Проект-170,Комментарий 170,Должность 170,618,892,118,Навыки 170,Уровень 170,Статус 170,313,Контракт 170,333,206,Оценка 170,Категория 170,321,972,Страна 170,815,479,Тип договора 170,Руководитель 170,975
Татьяна,Козлов,54,Екатеринбург,Газпром,157410,2010-06-21,Проект-171,Комментарий 171,Должность 171,982,595,321,Навыки 171,Уровень 171,Статус 171,433,Контракт 171,503,908,Оценка 171,Категория 171,154,300,Страна 171,679,124,Тип договора 171,Руководитель 171,581
Алексей,Козлов,52,Москва,Газпром,68401,2010-06-22,Проект-172,Комментарий 172,Должность 172,177,72,7,Навыки 172,Уровень 172,Статус 172,123,Контракт 172,691,221,Оценка 172,Категория 172,915,613,Страна 172,80,519,Тип договора 172,Руководитель 172,678
Мария,Иванов,29,Новосибирск,Лукойл,134305,2010-06-23,Проект-173,Комментарий 173,Должность 173,883,654,976,Навыки 173,Уровень 173,Статус 173,592,Контракт 173,638,606,Оценка 173,Категория 173,22,730,Страна 173,401,456,Тип договора 173,Руководитель 173,442
Екатерина,Иванов,49,Екатеринбург,Лукойл,90062,2010-06-24,Проект-174,Комментарий 174,Должность 174,648,833,616,Навыки 174,Уровень 174,Статус 174,198,Контракт 174,425,924,Оценка 174,Категория 174,942,181,Страна 174,375,356,Тип договора 174,Руководитель 174,648
Николай,Морозов,21,Санкт-Петербург,Газпром,187228,2010-06-25,Проект-175,Комментарий 175,Должность 175,471,461,434,Навыки 175,Уровень 175,Статус 175,262,Контракт 175,317,401,Оценка 175,Категория 175,629,911,Страна 175,32,420,Тип договора 175,Руководитель 175,898
Татьяна,Морозов,31,Екатеринбург,МТС,103167,2010-06-26,Проект-176,Комментарий 176,Должность 176,459,649,280,Навыки 176,Уровень 176,Статус 176,422,Контракт 176,799,878,Оценка 176,Категория 176,821,879,Страна 176,674,543,Тип договора 176,Руководитель 176,267
Николай,Козлов,26,Москва,МТС,190235,2010-06-27,Проект-177,Комментарий 177,Должность 177,389,852,954,Навыки 177,Уровень 177,Статус 177,508,Контракт 177,147,781,Оценка 177,Категория 177,485,717,Страна 177,904,388,Тип договора 177,Руководитель 177,472
Мария,Новиков,21,Казань,Сбербанк,131712,2010-06-28,Проект-178,Комментарий 178,Должность 178,105,832,824,Навыки 178,Уровень 178,Статус 178,702,Контракт 178,477,50,Оценка 178,Категория 178,67,682,Страна 178,470,377,Тип договора 178,Руководитель 178,190
Дмитрий,Морозов,30,Санкт-Петербург,Газпром,195454,2010-06-29,Проект-179,Комментарий 179,Должность 179,881,96,420,Навыки 179,Уровень 179,Статус 179,912,Контракт 179,32,645,Оценка 179,Категория 179,635,522,Страна 179,435,502,Тип договора 179,Руководитель 179,609
Светлана,Попов,51,Новосибирск,РЖД,199910,2010-06-30,Проект-180,Комментарий 180,Должность 180,980,791,144,Навыки 180,Уровень 180,Статус 180,227,Контракт 180,74,832,Оценка 180,Категория 180,829,398,Страна 180,332,46,Тип договора 180,Руководитель 180,801
Алексей,Сидоров,22,Новосибирск,Яндекс,197160,2010-07-01,Проект-181,Комментарий 181,Должность 181,250,996,129,Навыки 181,Уровень 181,Статус 181,753,Контракт 181,311,552,Оценка 181,Категория 181,927,63,Страна 181,772,595,Тип договора 181,Руководитель 181,399
Дмитрий,Попов,39,Нижний Новгород,Ростелеком,152388,2010-07-02,Проект-182,Комментарий 182,Должность 182,298,49,343,Навыки 182,Уровень 182,Статус 182,96,Контракт 182,220,31,Оценка 182,Категория 182,876,421,Страна 182,594,602,Тип договора 182,Руководитель 182,701
Татьяна,Новиков,59,Нижний Новгород,Ростелеком,84751,2010-07-03,Проект-183,Комментарий 183,Должность 183,774,937,87,Навыки 183,Уровень 183,Статус 183,642,Контракт 183,110,31,Оценка 183,Категория 183,220,953,Страна 183,199,56,Тип договора 183,Руководитель 183,265
Ольга,Попов,23,Москва,МТС,128143,2010-07-04,Проект-184,Комментарий 184,Должность 184,985,735,640,Навыки 184,Уровень 184,Статус 184,634,Контракт 184,659,903,Оценка 184,Категория 184,649,453,Страна 184,93,275,Тип договора 184,Руководитель 184,823
Иван,Сидоров,31,Нижний Новгород,Газпром,46252,2010-07-05,Проект-185,Комментарий 185,Должность 185,508,195,503,Навыки 185,Уровень 185,Статус 185,52,Контракт 185,52,948,Оценка 185,Категория 185,739,809,Страна 185,325,60,Тип договора 185,Руководитель 185,74
Екатерина,Попов,33,Казань,Лукойл,150325,2010-07-06,Проект-186,Комментарий 186,Должность 186,526,806,236,Навыки 186,Уровень 186,Статус 186,49,Контракт 186,61,717,Оценка 186,Категория 186,575,240,Страна 186,29,673,Тип договора 186,Руководитель 186,214
Иван,Новиков,28,Санкт-Петербург,Яндекс,114942,2010-07-07,Проект-187,Комментарий 187,Должность 187,206,866,47,Навыки 187,Уровень 187,Статус 187,129,Контракт 187,980,474,Оценка 187,Категория 187,147,672,Страна 187,165,866,Тип договора 187,Руководитель 187,923
Дмитрий,Петров,26,Новосибирск,Лукойл,148278,2010-07-08,Проект-188,Комментарий 188,Должность 188,55,916,442,Навыки 188,Уровень 188,Статус 188,288,Контракт 188,644,793,Оценка 188,Категория 188,692,445,Страна 188,330,807,Тип договора 188,Руководитель 188,187
Дмитрий,Кузнецов,32,Нижний Новгород,МТС,98210,2010-07-09,Проект-189,Комментарий 189,Должность 189,919,815,633,Навыки 189,Уровень 189,Статус 189,317,Контракт 189,580,97,Оценка 189,Категория 189,230,871,Страна 189,890,846,Тип договора 189,Руководитель 189,855
Екатерина,Петров,45,Москва,Сбербанк,120936,2010-07-10,Проект-190,Комментарий 190,Должность 190,583,625,682,Навыки 190,Уровень 190,Статус 190,670,Контракт 190,584,658,Оценка 190,Категория 190,923,791,Страна 190,997,955,Тип договора 190,Руководитель 190,552
Иван,Петров,31,Москва,РЖД,187773,2010-07-11,Проект-191,Комментарий 191,Должность 191,382,389,764,Навыки 191,Уровень 191,Статус 191,217,Контракт 191,242,648,Оценка 191,Категория 191,343,808,Страна 191,822,987,Тип договора 191,Руководитель 191,147
Мария,Новиков,21,Новосибирск,Ростелеком,191408,2010-07-12,Проект-192,Комментарий 192,Должность 192,437,353,988,Навыки 192,Уровень 192,Статус 192,731,Контракт 192,313,718,Оценка 192,Категория 192,733,603,Страна 192,816,444,Тип договора 192,Руководитель 192,732
Ольга,Попов,49,Москва,Сбербанк,108402,2010-07-13,Проект-193,Комментарий 193,Должность 193,256,899,931,Навыки 193,Уровень 193,Статус 193,163,Контракт 193,566,683,Оценка 193,Категория 193,8,640,Страна 193,627,467,Тип договора 193,Руководитель 193,324
Дмитрий,Попов,55,Санкт-Петербург,Яндекс,81372,2010-07-14,Проект-194,Комментарий 194,Должность 194,652,722,77,Навыки 194,Уровень 194,Статус 194,900,Контракт 194,783,909,Оценка 194,Категория 194,456,868,Страна 194,188,887,Тип договора 194,Руководитель 194,576
Иван,Новиков,57,Екатеринбург,Ростелеком,110904,2010-07-15,Проект-195,Комментарий 195,Должность 195,89,673,500,Навыки 195,Уровень 195,Статус 195,567,Контракт 195,593,351,Оценка 195,Категория 195,16,724,Страна 195,970,27,Тип договора 195,Руководитель 195,426
Ольга,Морозов,29,Новосибирск,Газпром,98500,2010-07-16,Проект-196,Комментарий 196,Должность 196,670,300,456,Навыки 196,Уровень 196,Статус 196,566,Контракт 196,118,389,Оценка 196,Категория 196,582,426,Страна 196,569,139,Тип договора 196,Руководитель 196,179
Николай,Петров,59,Нижний Новгород,Лукойл,124577,2010-07-17,Проект-197,Комментарий 197,Должность 197,327,997,926,Навыки 197,Уровень 197,Статус 197,225,Контракт 197,791,828,Оценка 197,Категория 197,444,699,Страна 197,581,900,Тип договора 197,Руководитель 197,232
Кирилл,Лебедев,22,Санкт-Петербург,Газпром,138177,2010-07-18,Проект-198,Комментарий 198,Должность 198,620,112,773,Навыки 198,Уровень 198,Статус 198,626,Контракт 198,268,572,Оценка 198,Категория 198,628,560,Страна 198,550,376,Тип договора 198,Руководитель 198,542
Кирилл,Сидоров,48,Екатеринбург,РЖД,192333,2010-07-19,Проект-199,Комментарий 199,Должность 199,255,102,629,Навыки 199,Уровень 199,Статус 199,481,Контракт 199,56,100,Оценка 199,Категория 199,242,771,Страна 199,291,670,Тип договора 199,Руководитель 199,320
